{"Elo": {"current_ratings": {"Jack": 405.7474105012163, "Jake": 394.25258949878366, "Oli": 430.53049847102454, "Zane": 369.46950152897546}, "ratings_history": {"Jack": [[